start_time,end_time,labelid,label,duration
0.0,0.6896551724137931,1,Gesture,0.6896551724137931
1.4137931034482758,3.896551724137931,2,Gesture,2.4827586206896552
5.0,5.724137931034483,3,Gesture,0.7241379310344831
6.931034482758621,7.517241379310345,4,Gesture,0.5862068965517242
7.551724137931035,8.379310344827585,5,Gesture,0.8275862068965507
8.551724137931034,9.586206896551724,6,Gesture,1.0344827586206904
11.689655172413794,12.482758620689655,7,Gesture,0.7931034482758612
12.586206896551724,13.206896551724139,8,Gesture,0.6206896551724146
