start_time,end_time,labelid,label,duration
0.1724137931034483,1.3448275862068966,1,Gesture,1.1724137931034484
5.068965517241379,6.896551724137931,2,Gesture,1.8275862068965516
7.379310344827586,8.10344827586207,3,Gesture,0.7241379310344831
8.96551724137931,11.482758620689655,4,Gesture,2.517241379310345
