start_time,end_time,labelid,label,duration
1.3103448275862069,3.8620689655172415,1,Gesture,2.5517241379310347
5.0344827586206895,5.724137931034483,2,Gesture,0.6896551724137936
7.551724137931035,8.379310344827585,3,Gesture,0.8275862068965507
8.586206896551724,9.931034482758621,4,Gesture,1.3448275862068968
11.689655172413794,12.413793103448276,5,Gesture,0.7241379310344822
