start_time,end_time,labelid,label,duration
0.3103448275862069,1.5517241379310345,1,Gesture,1.2413793103448276
5.517241379310345,6.931034482758621,2,Gesture,1.4137931034482758
7.310344827586207,8.137931034482758,3,Gesture,0.8275862068965507
8.89655172413793,10.724137931034482,4,Gesture,1.8275862068965516
