start_time,end_time,labelid,label,duration
0.0,3.8620689655172415,1,Gesture,3.8620689655172415
4.724137931034483,5.620689655172414,2,Gesture,0.8965517241379306
7.551724137931035,10.172413793103448,3,Gesture,2.6206896551724137
11.620689655172415,12.482758620689655,4,Gesture,0.8620689655172402
12.827586206896552,13.241379310344827,5,Gesture,0.4137931034482758
