start_time,end_time,labelid,label,duration
0.27586206896551724,1.7586206896551724,1,Gesture,1.4827586206896552
2.586206896551724,3.1379310344827585,2,Gesture,0.5517241379310343
4.827586206896552,6.9655172413793105,3,Gesture,2.137931034482759
7.379310344827586,8.379310344827585,4,Gesture,0.9999999999999991
8.96551724137931,10.724137931034482,5,Gesture,1.7586206896551726
