trial_name,condition,type,head_pitch_peaks,head_pitch_avgprom,head_pitch_maxprom,head_yaw_peaks,head_yaw_avgprom,head_yaw_maxprom,head_roll_peaks,head_roll_avgprom,head_roll_maxprom,hand_speed_left_peaks,hand_speed_left_avgpeak,hand_speed_left_maxpeak,hand_speed_right_peaks,hand_speed_right_avgpeak,hand_speed_right_maxpeak,gesture_space,gesture_height,gesture_width
01_b_P16,dummy1,test,7.0,10.384593564627924,20.278463776828772,3.0,23.631353299327614,26.94852252484823,,,,3.0,156.3890246887016,210.4093141518594,9.0,81.48817594943834,250.72714196872028,0.26275382573190387,0.43763260293197337,0.600398196961452
02_a_P8,dummy1,test,5.0,14.32554807621202,23.74141232883745,,,,,,,4.0,94.2244216694932,164.1269913226084,6.0,100.27822488629751,198.38172089214956,0.13853859483861475,0.23421127990929735,0.591511198317461
09_a_P7,dummy2,test,,,,,,,,,,0.0,,,1.0,58.47316628357987,58.47316628357987,0.012066433291907198,0.03485212365025876,0.34621802140362856
17_a_P15,dummy2,test,,,,,,,,,,0.0,,,2.0,123.05717310575638,201.8401278536678,0.08911482404767021,0.16034887833928888,0.5557558304780184
21_b_P12,dummy1,test,4.0,10.993131047719263,12.79105426797984,,,,,,,3.0,70.23650933633127,113.05586575416439,3.0,138.09545246675904,232.05533891471606,0.1850059579862935,0.3420623112358281,0.5408545516689349
25_a_P15,dummy1,test,,,,,,,,,,0.0,,,1.0,138.96388112755682,138.96388112755682,0.15228555618378303,0.2767258983495481,0.5503119046393792
34_a_P12,dummy2,test,4.0,33.650988194271136,46.888864355402866,,,,,,,2.0,40.62842974598435,45.43023968096601,3.0,142.72173517425048,229.28880831611593,0.18464211241460238,0.34846083675283485,0.5298790938322002
34_b_P17,dummy2,test,,,,,,,,,,0.0,,,1.0,155.58899284189806,155.58899284189806,0.10699044002359961,0.23142063540972052,0.4623202240983287
